id,first_name,last_name,email
1,Selig,Spuner,sspuner0@abc.net.au
2,Giacopo,Simmell,gsimmell1@sciencedaily.com
3,Alaric,Stolz,astolz2@google.com.hk
4,Archaimbaud,Sawney,asawney3@list-manage.com
5,Galvan,Broxup,gbroxup4@abc.net.au
6,Gun,Scoullar,gscoullar5@independent.co.uk
7,Irina,Ferrao,iferrao6@bravesites.com
8,Georgi,Kaming,gkaming7@hibu.com
9,Hewitt,Stowers,hstowers8@youku.com
10,Garrett,Caldow,gcaldow9@zimbio.com
11,Sylas,MacKeig,smackeiga@slideshare.net
12,Tabby,Napthine,tnapthineb@bbb.org
13,Yetty,Ugolotti,yugolottic@cbslocal.com
14,Thoma,Kewley,tkewleyd@sourceforge.net
15,Cordie,Dresse,cdressee@cyberchimps.com
16,Blake,Mobberley,bmobberleyf@w3.org
17,Bunny,Drynan,bdrynang@ezinearticles.com
18,Riccardo,Glidden,rgliddenh@arizona.edu
19,Sanderson,MacCoveney,smaccoveneyi@mysql.com
20,Eldin,McHarry,emcharryj@google.ca
21,Zacharias,Van Waadenburg,zvanwaadenburgk@va.gov
22,Benoit,Keller,bkellerl@vk.com
23,Trisha,Fessler,tfesslerm@wikia.com
24,Vyky,Scutchings,vscutchingsn@infoseek.co.jp
25,Tara,Dyhouse,tdyhouseo@ycombinator.com
26,Melesa,McCoveney,mmccoveneyp@gizmodo.com
27,Pamela,Bockman,pbockmanq@ning.com
28,Rycca,Perkin,rperkinr@mtv.com
29,Joelly,Klarzynski,jklarzynskis@imdb.com
30,Hinze,Gricewood,hgricewoodt@go.com
